IP,Country,Crawler,Requests
66.249.66.197,United States,Googlebot-Mobile,1218
66.249.66.196,United States,Googlebot-Mobile,1048
66.249.66.198,United States,Googlebot/2.1,876
66.249.66.203,United States,Googlebot-Mobile,436
66.249.66.40,United States,Googlebot/2.1,368
66.249.66.68,?,Googlebot-Mobile,308
66.249.66.69,United States,Googlebot-Mobile,302
66.249.66.41,United States,Googlebot/2.1,273
66.249.66.204,United States,Googlebot/2.1,262
66.249.66.70,United States,Googlebot/2.1,241
66.249.66.199,United States,Googlebot-Mobile,234
66.249.66.42,United States,Googlebot-Mobile,231
66.249.66.5,United States,Googlebot/2.1,224
192.133.77.15,United States,Twitterbot/1.0,202
192.133.77.17,United States,Twitterbot/1.0,180
192.133.77.18,United States,Twitterbot/1.0,178
66.249.66.6,United States,Googlebot/2.1,168
66.249.66.205,United States,Googlebot/2.1,168
66.249.66.164,United States,Googlebot/2.1,161
192.133.77.16,United States,Twitterbot/1.0,158
192.133.77.14,United States,Twitterbot/1.0,155
66.249.66.166,United States,Googlebot/2.1,152
66.249.66.165,United States,Googlebot/2.1,150
66.249.66.7,United States,Googlebot-Mobile,127
66.249.66.201,United States,Googlebot-Mobile,122
66.249.66.75,United States,Googlebot/2.1,106
199.16.157.181,United States,Twitterbot/1.0,100
66.249.66.36,United States,Googlebot/2.1,94
66.249.66.37,United States,Googlebot-Image/1.0,93
66.249.66.202,United States,Googlebot/2.1,89
199.16.157.182,United States,Twitterbot/1.0,87
66.249.66.76,United States,Googlebot/2.1,85
199.16.157.180,United States,Twitterbot/1.0,77
199.16.157.183,United States,Twitterbot/1.0,75
66.249.66.12,United States,Googlebot/2.1,57
66.249.66.77,United States,Googlebot-Mobile,52
66.249.66.38,United States,Googlebot-Mobile,51
66.249.66.13,United States,Googlebot-Mobile,50
66.249.66.167,United States,Googlebot/2.1,41
125.209.235.167,"Korea, Republic of",Yeti/1.1,38
211.249.40.9,South Korea,Unclassified Bot,37
112.217.211.218,?,Unclassified Bot,36
64.233.172.68,United States,GoogleWebLight,34
64.233.172.70,United States,Google favicon,34
20.191.45.212,Ireland,DuckDuckGo-Favicons-Bot/1.0,32
40.77.167.55,United States,bingbot/2.0,31
66.249.82.136,Taiwan,Expanse,29
185.191.171.16,Republic of Moldova,SemrushBot/7~bl,28
54.174.58.238,United States,HubSpot Crawler,28
157.55.39.192,United States,bingbot/2.0,25
185.189.182.234,Netherlands,Unclassified Bot,24
66.249.66.14,United States,Googlebot-Mobile,24
40.77.167.132,United States,bingbot/2.0,23
185.191.171.3,Republic of Moldova,SemrushBot/7~bl,22
66.249.66.168,United States,Googlebot/2.1,21
185.191.171.18,Republic of Moldova,SemrushBot/7~bl,21
185.191.171.19,Republic of Moldova,SemrushBot/7~bl,21
185.191.171.13,Republic of Moldova,SemrushBot/7~bl,20
157.55.39.13,United States,bingbot/2.0,19
40.77.167.224,United States,bingbot/2.0,18
40.77.167.241,United States,bingbot/2.0,18
157.55.39.195,United States,bingbot/2.0,17
185.191.171.15,Republic of Moldova,SemrushBot/7~bl,17
40.77.167.243,United States,bingbot/2.0,17
125.209.235.179,"Korea, Republic of",Yeti/1.1,16
40.77.167.48,United States,bingbot/2.0,16
185.191.171.7,Republic of Moldova,SemrushBot/7~bl,16
185.191.171.5,Republic of Moldova,SemrushBot/7~bl,16
40.77.167.61,United States,bingbot/2.0,16
40.77.167.7,United States,bingbot/2.0,16
40.77.167.123,United States,bingbot/2.0,16
185.191.171.4,Republic of Moldova,SemrushBot/7~bl,16
40.77.167.22,United States,bingbot/2.0,16
40.77.167.27,United States,bingbot/2.0,15
125.209.235.180,South Korea,Yeti/1.1,15
207.46.13.155,United States,bingbot/2.0,15
185.191.171.14,Republic of Moldova,SemrushBot/7~bl,15
66.249.92.196,United States,Feedfetcher-Google,15
66.249.66.43,United States,Googlebot/2.1,14
125.209.235.178,"Korea, Republic of",Yeti/1.1,14
40.77.167.116,United States,bingbot/2.0,14
40.77.167.151,United States,bingbot/2.0,14
185.191.171.1,Republic of Moldova,SemrushBot/7~bl,14
40.77.167.3,United States,bingbot/2.0,14
66.249.92.197,United States,Mediapartners-Google,14
185.191.171.11,Republic of Moldova,SemrushBot/7~bl,14
40.77.167.77,United States,bingbot/2.0,14
40.77.167.62,United States,bingbot/2.0,14
40.77.167.136,United States,bingbot/2.0,14
178.150.14.250,Ukraine,MJ12bot/v1.4.8,13
125.209.235.185,South Korea,Yeti/1.1,13
125.209.235.172,"Korea, Republic of",Yeti/1.1,13
40.77.167.59,United States,bingbot/2.0,13
185.191.171.17,Republic of Moldova,SemrushBot/7~bl,13
66.249.92.203,United States,Feedfetcher-Google,13
40.77.167.20,United States,bingbot/2.0,13
185.191.171.9,Republic of Moldova,SemrushBot/7~bl,13
40.77.167.51,United States,bingbot/2.0,13
125.209.235.182,"Korea, Republic of",Yeti/1.1,13
125.209.235.170,South Korea,Yeti/1.1,13
37.187.27.125,France,MJ12bot/v1.4.8,13
211.249.46.24,South Korea,Yeti/1.1,13
40.77.167.230,United States,bingbot/2.0,13
40.77.167.13,United States,bingbot/2.0,13
125.209.235.184,South Korea,Yeti/1.1,12
185.191.171.6,Cyprus,SemrushBot/7~bl,12
66.249.83.8,United States,Google-Read-Aloud,12
40.77.167.24,United States,bingbot/2.0,12
125.209.235.169,"Korea, Republic of",Yeti/1.1,12
125.209.235.186,"Korea, Republic of",Yeti/1.1,12
125.209.235.168,"Korea, Republic of",Yeti/1.1,12
185.191.171.2,Republic of Moldova,SemrushBot/7~bl,12
125.209.235.174,South Korea,Yeti/1.1,12
157.55.39.63,United States,bingbot/2.0,12
40.77.167.79,United States,bingbot/2.0,11
66.249.66.193,United States,Googlebot-Mobile,11
40.77.167.75,United States,bingbot/2.0,11
125.209.235.177,"Korea, Republic of",Yeti/1.1,11
66.249.66.35,United States,Googlebot/2.1,11
157.55.39.54,United States,bingbot/2.0,11
40.77.167.26,United States,bingbot/2.0,11
110.93.150.212,South Korea,Yeti/1.1,11
125.209.235.176,South Korea,Yeti/1.1,11
157.55.39.194,United States,bingbot/2.0,11
40.77.167.154,United States,bingbot/2.0,11
114.111.32.191,South Korea,Yeti/1.1,11
40.77.167.49,United States,bingbot/2.0,11
185.191.171.12,Republic of Moldova,SemrushBot/7~bl,11
40.77.167.203,United States,bingbot/2.0,11
66.249.81.70,United States,Google Web Preview,11
40.77.167.56,United States,bingbot/2.0,11
66.249.66.34,United States,Googlebot-Mobile,10
66.249.66.32,United States,Googlebot/2.1,10
66.249.66.33,United States,Googlebot-Mobile,10
211.249.46.86,South Korea,Yeti/1.1,10
40.77.167.42,United States,bingbot/2.0,10
66.249.81.5,United States,Google Web Preview,10
110.93.150.118,South Korea,Yeti/1.1,10
40.77.167.76,United States,bingbot/2.0,10
211.249.46.133,South Korea,Yeti/1.1,10
185.191.171.8,Republic of Moldova,SemrushBot/7~bl,10
114.111.32.115,South Korea,Yeti/1.1,10
66.249.66.65,United States,Googlebot/2.1,10
207.46.13.141,United States,bingbot/2.0,10
40.77.167.71,United States,bingbot/2.0,9
211.249.46.122,South Korea,Yeti/1.1,9
211.249.46.49,South Korea,Yeti/1.1,9
110.93.150.103,South Korea,Yeti/1.1,9
40.77.167.72,United States,bingbot/2.0,9
110.93.150.124,South Korea,Unclassified Bot,9
94.154.239.69,Ukraine,MJ12bot/v1.4.8,9
66.102.6.35,United States,GoogleWebLight,9
66.249.66.192,United States,Googlebot/2.1,9
66.249.83.6,United States,Google-Read-Aloud,9
207.46.13.231,United States,bingbot/2.0,9
110.93.150.111,South Korea,Yeti/1.1,9
40.77.167.25,United States,bingbot/2.0,9
40.77.167.46,United States,bingbot/2.0,9
125.209.235.183,South Korea,Yeti/1.1,9
125.209.235.173,South Korea,Yeti/1.1,9
40.77.167.70,United States,bingbot/2.0,9
110.93.150.113,South Korea,Yeti/1.1,9
207.46.13.63,United States,bingbot/2.0,9
66.249.66.45,United States,Googlebot/2.1,9
40.77.167.131,United States,bingbot/2.0,9
40.77.167.67,United States,bingbot/2.0,9
185.191.171.10,Republic of Moldova,SemrushBot/7~bl,9
125.209.235.175,"Korea, Republic of",Yeti/1.1,9
66.249.66.71,United States,Googlebot/2.1,9
207.46.13.92,United States,bingbot/2.0,9
40.77.167.156,United States,bingbot/2.0,9
110.93.150.163,South Korea,Yeti/1.1,8
114.111.32.88,South Korea,Yeti/1.1,8
66.249.66.78,United States,Googlebot-Image/1.0,8
110.93.150.126,South Korea,Yeti/1.1,8
157.55.39.225,United States,bingbot/2.0,8
110.93.150.213,South Korea,Yeti/1.1,8
110.93.150.198,South Korea,Yeti/1.1,8
114.111.32.25,South Korea,Yeti/1.1,8
211.249.46.31,South Korea,Yeti/1.1,8
114.111.32.36,South Korea,Yeti/1.1,8
207.46.13.151,United States,bingbot/2.0,8
114.111.32.209,South Korea,Yeti/1.1,8
157.55.39.200,United States,bingbot/2.0,8
110.93.150.161,South Korea,Unclassified Bot,8
40.77.167.158,United States,bingbot/2.0,8
114.111.32.56,South Korea,Yeti/1.1,8
211.249.46.194,South Korea,Yeti/1.1,8
211.249.46.139,South Korea,Yeti/1.1,8
157.55.39.16,United States,bingbot/2.0,8
114.111.32.143,South Korea,Yeti/1.1,8
66.249.81.69,Netherlands,Google Web Preview,8
207.46.13.126,United States,bingbot/2.0,8
125.209.235.171,"Korea, Republic of",Yeti/1.1,8
66.249.92.198,United States,AdsBot-Google-Mobile,8
40.77.167.74,United States,bingbot/2.0,8
40.77.167.14,United States,bingbot/2.0,8
211.249.46.131,South Korea,Yeti/1.1,8
211.249.46.176,South Korea,Yeti/1.1,8
211.249.46.136,South Korea,Yeti/1.1,8
211.249.46.32,South Korea,Yeti/1.1,8
157.55.39.7,United States,bingbot/2.0,8
40.77.167.12,United States,bingbot/2.0,8
114.111.32.184,South Korea,Unclassified Bot,8
207.46.13.229,United States,bingbot/2.0,7
66.102.6.37,United States,GoogleWebLight,7
40.77.167.35,United States,bingbot/2.0,7
211.249.46.21,South Korea,Yeti/1.1,7
40.77.167.32,United States,bingbot/2.0,7
211.249.46.175,South Korea,Yeti/1.1,7
114.111.32.187,South Korea,Yeti/1.1,7
114.111.32.202,South Korea,Yeti/1.1,7
40.77.167.17,United States,bingbot/2.0,7
110.93.150.211,South Korea,Yeti/1.1,7
110.93.150.127,South Korea,Yeti/1.1,7
114.111.32.200,South Korea,Yeti/1.1,7
110.93.150.130,South Korea,Yeti/1.1,7
110.93.150.157,South Korea,Yeti/1.1,7
211.249.46.166,South Korea,Yeti/1.1,7
66.102.6.36,United States,Chrome-Lighthouse,7
114.111.32.63,South Korea,Yeti/1.1,7
211.249.46.132,South Korea,Yeti/1.1,7
40.77.167.126,United States,bingbot/2.0,7
114.111.32.149,South Korea,Yeti/1.1,7
114.111.32.204,South Korea,Yeti/1.1,7
66.249.66.66,United States,Googlebot/2.1,7
125.209.235.181,"Korea, Republic of",Yeti/1.1,7
110.93.150.51,South Korea,Yeti/1.1,7
66.249.66.39,United States,Googlebot-Mobile,7
114.111.32.49,South Korea,Yeti/1.1,7
211.249.46.52,South Korea,Yeti/1.1,7
110.93.150.149,South Korea,Yeti/1.1,7
40.77.167.63,United States,bingbot/2.0,7
110.93.150.67,South Korea,Yeti/1.1,7
40.77.167.130,United States,bingbot/2.0,7
211.249.46.215,South Korea,Unclassified Bot,7
110.93.150.168,South Korea,Yeti/1.1,7
66.249.66.44,United States,Googlebot-Mobile,7
110.93.150.69,South Korea,Yeti/1.1,7
211.249.46.101,South Korea,Yeti/1.1,7
114.111.32.124,South Korea,Yeti/1.1,7
211.249.46.81,South Korea,Yeti/1.1,7
114.111.32.172,South Korea,Yeti/1.1,7
211.249.46.104,South Korea,Yeti/1.1,7
114.111.32.153,South Korea,Yeti/1.1,7
110.93.150.166,South Korea,Yeti/1.1,7
110.93.150.36,South Korea,Yeti/1.1,7
207.46.13.124,United States,bingbot/2.0,7
114.111.32.51,South Korea,Yeti/1.1,7
114.111.32.79,South Korea,Yeti/1.1,7
211.249.46.25,South Korea,Yeti/1.1,7
207.46.13.127,United States,bingbot/2.0,7
211.249.46.55,South Korea,Yeti/1.1,7
114.111.32.70,South Korea,Unclassified Bot,7
114.111.32.214,South Korea,Yeti/1.1,7
110.93.150.218,South Korea,Yeti/1.1,7
66.249.83.7,United States,Google Web Preview,7
110.93.150.216,South Korea,Yeti/1.1,7
66.249.66.200,United States,Googlebot/2.1,7
114.111.32.29,South Korea,Yeti/1.1,7
114.111.32.152,South Korea,Yeti/1.1,7
114.111.32.114,South Korea,Yeti/1.1,7
40.77.167.58,United States,bingbot/2.0,7
211.249.46.127,South Korea,Yeti/1.1,7
114.111.32.80,South Korea,Yeti/1.1,7
40.77.167.28,United States,bingbot/2.0,7
110.93.150.172,South Korea,Yeti/1.1,7
110.93.150.29,South Korea,Yeti/1.1,7
114.111.32.194,South Korea,Yeti/1.1,7
114.111.32.137,South Korea,Yeti/1.1,7
110.93.150.21,South Korea,Yeti/1.1,7
114.111.32.99,South Korea,Yeti/1.1,7
66.249.66.2,United States,Googlebot/2.1,7
114.111.32.24,South Korea,Yeti/1.1,7
114.111.32.31,South Korea,Yeti/1.1,7
110.93.150.57,South Korea,Yeti/1.1,7
157.55.39.59,United States,bingbot/2.0,7
211.249.46.210,South Korea,Yeti/1.1,7
211.249.46.22,South Korea,Yeti/1.1,7
114.111.32.180,South Korea,Yeti/1.1,7
110.93.150.193,South Korea,Yeti/1.1,7
211.249.46.216,South Korea,Yeti/1.1,7
110.93.150.48,South Korea,Yeti/1.1,6
110.93.150.50,South Korea,Unclassified Bot,6
114.111.32.109,South Korea,Yeti/1.1,6
114.111.32.43,South Korea,Yeti/1.1,6
114.111.32.164,South Korea,Yeti/1.1,6
114.111.32.140,South Korea,Yeti/1.1,6
211.249.46.204,South Korea,Yeti/1.1,6
211.249.46.73,South Korea,Yeti/1.1,6
110.93.150.205,South Korea,Yeti/1.1,6
110.93.150.120,South Korea,Yeti/1.1,6
110.93.150.41,South Korea,Yeti/1.1,6
211.249.46.111,South Korea,Yeti/1.1,6
110.93.150.86,South Korea,Yeti/1.1,6
40.77.167.78,United States,bingbot/2.0,6
157.55.39.201,United States,bingbot/2.0,6
110.93.150.49,South Korea,Yeti/1.1,6
110.93.150.174,South Korea,Yeti/1.1,6
211.249.46.170,South Korea,Yeti/1.1,6
211.249.46.120,South Korea,Yeti/1.1,6
110.93.150.110,South Korea,Yeti/1.1,6
207.46.13.153,United States,bingbot/2.0,6
211.249.46.220,South Korea,Yeti/1.1,6
110.93.150.189,South Korea,Yeti/1.1,6
211.249.46.69,South Korea,Yeti/1.1,6
110.93.150.141,South Korea,Yeti/1.1,6
211.249.46.124,South Korea,Yeti/1.1,6
114.111.32.126,South Korea,Yeti/1.1,6
211.249.46.59,South Korea,Yeti/1.1,6
157.55.39.10,United States,bingbot/2.0,6
114.111.32.38,South Korea,Yeti/1.1,6
114.111.32.211,South Korea,Yeti/1.1,6
211.249.46.157,South Korea,Yeti/1.1,6
40.77.167.54,United States,bingbot/2.0,6
211.249.46.96,South Korea,Yeti/1.1,6
40.77.167.53,United States,bingbot/2.0,6
211.249.46.112,South Korea,Yeti/1.1,6
114.111.32.52,South Korea,Yeti/1.1,6
114.111.32.120,South Korea,Yeti/1.1,6
114.111.32.150,South Korea,Yeti/1.1,6
207.46.13.128,United States,bingbot/2.0,6
110.93.150.151,South Korea,Yeti/1.1,6
211.249.46.87,South Korea,Yeti/1.1,6
110.93.150.215,South Korea,Yeti/1.1,6
66.249.66.73,United States,Googlebot-Mobile,6
110.93.150.109,South Korea,Yeti/1.1,6
207.46.13.54,United States,bingbot/2.0,6
110.93.150.184,South Korea,Yeti/1.1,6
40.77.167.38,United States,bingbot/2.0,6
110.93.150.144,South Korea,Yeti/1.1,6
110.93.150.185,South Korea,Yeti/1.1,6
114.111.32.21,South Korea,Yeti/1.1,6
157.55.39.51,United States,bingbot/2.0,6
40.77.167.73,United States,bingbot/2.0,6
110.93.150.134,South Korea,Yeti/1.1,6
114.111.32.110,South Korea,Yeti/1.1,6
114.111.32.85,South Korea,Yeti/1.1,6
114.111.32.40,South Korea,Yeti/1.1,6
40.77.167.45,United States,bingbot/2.0,6
211.249.46.123,South Korea,Yeti/1.1,6
110.93.150.114,South Korea,Yeti/1.1,6
40.77.167.33,United States,bingbot/2.0,6
207.46.13.14,United States,bingbot/2.0,6
211.249.46.98,South Korea,Yeti/1.1,6
114.111.32.179,South Korea,Yeti/1.1,6
211.249.46.117,South Korea,Yeti/1.1,6
110.93.150.58,South Korea,Yeti/1.1,6
114.111.32.45,South Korea,Yeti/1.1,6
110.93.150.208,South Korea,Yeti/1.1,6
114.111.32.118,South Korea,Yeti/1.1,6
211.249.46.187,South Korea,Yeti/1.1,6
207.46.13.107,United States,bingbot/2.0,6
114.111.32.192,South Korea,Yeti/1.1,6
211.249.46.67,South Korea,Yeti/1.1,6
40.77.167.36,United States,bingbot/2.0,6
114.111.32.198,South Korea,Yeti/1.1,6
110.93.150.38,South Korea,Yeti/1.1,6
110.93.150.192,South Korea,Yeti/1.1,6
114.111.32.94,South Korea,Yeti/1.1,6
207.46.13.7,United States,bingbot/2.0,6
110.93.150.94,South Korea,Yeti/1.1,6
211.249.46.88,South Korea,Yeti/1.1,6
114.111.32.53,South Korea,Yeti/1.1,6
66.249.66.64,United States,Googlebot/2.1,6
211.249.46.200,South Korea,Yeti/1.1,5
110.93.150.148,South Korea,Yeti/1.1,5
211.249.46.219,South Korea,Yeti/1.1,5
66.249.66.72,United States,Googlebot/2.1,5
66.249.66.67,United States,Googlebot-Image/1.0,5
110.93.150.210,South Korea,Yeti/1.1,5
114.111.32.176,South Korea,Yeti/1.1,5
110.93.150.106,South Korea,Yeti/1.1,5
110.93.150.214,South Korea,Yeti/1.1,5
110.93.150.155,South Korea,Yeti/1.1,5
211.249.46.141,South Korea,Yeti/1.1,5
157.55.39.62,United States,bingbot/2.0,5
114.111.32.33,South Korea,Yeti/1.1,5
211.249.46.80,South Korea,Yeti/1.1,5
114.111.32.156,South Korea,Yeti/1.1,5
114.111.32.142,South Korea,Yeti/1.1,5
110.93.150.80,South Korea,Yeti/1.1,5
114.111.32.32,South Korea,Yeti/1.1,5
66.249.83.96,United States,GoogleWebLight,5
40.77.167.138,United States,bingbot/2.0,5
110.93.150.37,South Korea,Yeti/1.1,5
40.77.167.159,United States,bingbot/2.0,5
114.111.32.111,South Korea,Yeti/1.1,5
114.111.32.59,South Korea,Yeti/1.1,5
110.93.150.39,South Korea,Yeti/1.1,5
211.249.46.218,South Korea,Yeti/1.1,5
110.93.150.142,South Korea,Yeti/1.1,5
114.111.32.102,South Korea,Yeti/1.1,5
114.111.32.174,South Korea,Yeti/1.1,5
114.111.32.190,South Korea,Yeti/1.1,5
110.93.150.173,South Korea,Yeti/1.1,5
211.249.46.164,South Korea,Yeti/1.1,5
211.249.46.83,South Korea,Yeti/1.1,5
157.55.39.60,United States,bingbot/2.0,5
110.93.150.180,South Korea,Yeti/1.1,5
207.46.13.125,United States,bingbot/2.0,5
114.111.32.161,South Korea,Yeti/1.1,5
114.111.32.48,South Korea,Yeti/1.1,5
110.93.150.112,South Korea,Yeti/1.1,5
211.249.46.158,South Korea,Yeti/1.1,5
66.249.92.40,United States,AdsBot-Google-Mobile,5
110.93.150.143,South Korea,Yeti/1.1,5
114.111.32.131,South Korea,Yeti/1.1,5
211.249.46.208,South Korea,Yeti/1.1,5
211.249.46.212,South Korea,Yeti/1.1,5
114.111.32.22,South Korea,Yeti/1.1,5
114.111.32.122,South Korea,Yeti/1.1,5
110.93.150.83,South Korea,Yeti/1.1,5
157.55.39.14,United States,bingbot/2.0,5
211.249.46.191,South Korea,Yeti/1.1,5
114.111.32.217,South Korea,Yeti/1.1,5
110.93.150.152,South Korea,Unclassified Bot,5
114.111.32.39,South Korea,Yeti/1.1,5
211.249.46.213,South Korea,Yeti/1.1,5
110.93.150.93,South Korea,Yeti/1.1,5
157.55.39.49,United States,bingbot/2.0,5
110.93.150.153,South Korea,Yeti/1.1,5
114.111.32.93,South Korea,Yeti/1.1,5
110.93.150.63,South Korea,Yeti/1.1,5
110.93.150.121,South Korea,Yeti/1.1,5
110.93.150.70,South Korea,Yeti/1.1,5
211.249.46.72,South Korea,Yeti/1.1,5
110.93.150.190,South Korea,Yeti/1.1,5
211.249.46.192,South Korea,Yeti/1.1,5
211.249.46.95,South Korea,Yeti/1.1,5
114.111.32.67,South Korea,Yeti/1.1,5
66.249.66.74,United States,Googlebot/2.1,5
211.249.46.202,South Korea,Yeti/1.1,5
40.77.167.15,United States,bingbot/2.0,5
66.249.66.3,United States,Googlebot/2.1,5
40.77.167.52,United States,bingbot/2.0,5
211.249.46.172,South Korea,Yeti/1.1,5
114.111.32.105,South Korea,Yeti/1.1,5
40.77.167.16,United States,bingbot/2.0,5
114.111.32.148,South Korea,Yeti/1.1,5
114.111.32.166,South Korea,Yeti/1.1,5
211.249.46.53,South Korea,Yeti/1.1,5
211.249.46.71,South Korea,Yeti/1.1,5
66.249.66.194,United States,Googlebot-Image/1.0,5
211.249.46.113,South Korea,Yeti/1.1,5
110.93.150.28,South Korea,Yeti/1.1,5
110.93.150.217,South Korea,Yeti/1.1,5
211.249.46.160,South Korea,Yeti/1.1,5
211.249.46.130,South Korea,Yeti/1.1,5
211.249.46.155,South Korea,Yeti/1.1,5
110.93.150.98,South Korea,Yeti/1.1,5
110.93.150.62,South Korea,Yeti/1.1,5
74.125.212.229,United States,Google favicon,4
110.93.150.123,South Korea,Yeti/1.1,4
207.46.13.130,United States,bingbot/2.0,4
114.111.32.173,South Korea,Yeti/1.1,4
211.249.46.173,South Korea,Yeti/1.1,4
110.93.150.158,South Korea,Yeti/1.1,4
40.77.167.10,United States,bingbot/2.0,4
64.62.197.77,United States,Unclassified Bot,4
207.46.13.6,United States,bingbot/2.0,4
211.249.46.79,South Korea,Yeti/1.1,4
211.249.46.36,South Korea,Yeti/1.1,4
110.93.150.61,South Korea,Yeti/1.1,4
211.249.46.108,South Korea,Yeti/1.1,4
211.249.46.154,South Korea,Yeti/1.1,4
211.249.46.121,South Korea,Yeti/1.1,4
211.249.46.97,South Korea,Yeti/1.1,4
110.93.150.202,South Korea,Yeti/1.1,4
114.111.32.61,South Korea,Yeti/1.1,4
114.111.32.68,South Korea,Yeti/1.1,4
40.77.167.2,United States,bingbot/2.0,4
40.77.167.57,United States,bingbot/2.0,4
110.93.150.170,South Korea,Yeti/1.1,4
110.93.150.34,South Korea,Yeti/1.1,4
114.111.32.106,South Korea,Unclassified Bot,4
114.111.32.208,South Korea,Yeti/1.1,4
114.111.32.183,South Korea,Yeti/1.1,4
110.93.150.165,South Korea,Yeti/1.1,4
110.93.150.71,South Korea,Yeti/1.1,4
40.77.167.255,United States,bingbot/2.0,4
110.93.150.100,South Korea,Yeti/1.1,4
211.249.46.209,South Korea,Yeti/1.1,4
211.249.46.41,South Korea,Yeti/1.1,4
211.249.46.77,South Korea,Yeti/1.1,4
110.93.150.132,South Korea,Yeti/1.1,4
211.249.46.203,South Korea,Yeti/1.1,4
211.249.46.153,South Korea,Yeti/1.1,4
110.93.150.203,South Korea,Unclassified Bot,4
211.249.46.180,South Korea,Yeti/1.1,4
110.93.150.116,South Korea,Yeti/1.1,4
110.93.150.182,South Korea,Yeti/1.1,4
110.93.150.64,South Korea,Yeti/1.1,4
114.111.32.157,South Korea,Yeti/1.1,4
110.93.150.156,South Korea,Yeti/1.1,4
114.111.32.132,South Korea,Yeti/1.1,4
110.93.150.200,South Korea,Yeti/1.1,4
114.111.32.220,South Korea,Yeti/1.1,4
211.249.46.58,South Korea,Yeti/1.1,4
211.249.46.103,South Korea,Yeti/1.1,4
110.93.150.140,South Korea,Yeti/1.1,4
114.111.32.34,South Korea,Yeti/1.1,4
211.249.46.182,South Korea,Yeti/1.1,4
211.249.46.47,South Korea,Yeti/1.1,4
114.111.32.195,South Korea,Yeti/1.1,4
211.249.46.100,South Korea,Yeti/1.1,4
110.93.150.40,South Korea,Yeti/1.1,4
110.93.150.55,South Korea,Yeti/1.1,4
114.111.32.130,South Korea,Yeti/1.1,4
144.76.14.39,Germany,trendictionbot 0.5.0,4
211.249.46.78,South Korea,Yeti/1.1,4
211.249.46.26,South Korea,Yeti/1.1,4
110.93.150.199,South Korea,Yeti/1.1,4
114.111.32.135,South Korea,Yeti/1.1,4
211.249.46.45,South Korea,Yeti/1.1,4
110.93.150.191,South Korea,Yeti/1.1,4
110.93.150.75,South Korea,Yeti/1.1,4
114.111.32.46,South Korea,Yeti/1.1,4
110.93.150.27,South Korea,Yeti/1.1,4
114.111.32.177,South Korea,Yeti/1.1,4
110.93.150.89,South Korea,Yeti/1.1,4
211.249.46.91,South Korea,Unclassified Bot,4
110.93.150.187,South Korea,Yeti/1.1,4
114.111.32.127,South Korea,Yeti/1.1,4
211.249.46.33,South Korea,Yeti/1.1,4
211.249.46.27,South Korea,Yeti/1.1,4
211.249.46.62,South Korea,Yeti/1.1,4
114.111.32.75,South Korea,Yeti/1.1,4
211.249.46.85,South Korea,Yeti/1.1,4
211.249.46.119,South Korea,Yeti/1.1,4
110.93.150.195,South Korea,Yeti/1.1,4
211.249.46.197,South Korea,Yeti/1.1,4
66.249.66.195,United States,Googlebot/2.1,4
211.249.46.94,South Korea,Yeti/1.1,4
114.111.32.86,South Korea,Yeti/1.1,4
110.93.150.42,South Korea,Yeti/1.1,4
114.111.32.138,South Korea,Yeti/1.1,4
211.249.46.146,South Korea,Yeti/1.1,4
114.111.32.163,South Korea,Yeti/1.1,4
207.46.13.86,United States,bingbot/2.0,4
66.249.66.1,?,Googlebot-Mobile,4
114.111.32.113,South Korea,Yeti/1.1,4
114.111.32.160,South Korea,Yeti/1.1,4
110.93.150.122,South Korea,Yeti/1.1,4
114.111.32.84,South Korea,Yeti/1.1,4
110.93.150.56,South Korea,Yeti/1.1,4
114.111.32.193,South Korea,Yeti/1.1,4
211.249.46.150,South Korea,Yeti/1.1,4
211.249.46.57,South Korea,Yeti/1.1,4
110.93.150.35,South Korea,Yeti/1.1,4
40.77.167.6,United States,bingbot/2.0,4
211.249.46.168,South Korea,Yeti/1.1,4
40.77.167.235,United States,bingbot/2.0,4
110.93.150.181,South Korea,Yeti/1.1,4
114.111.32.165,South Korea,Yeti/1.1,4
114.111.32.129,South Korea,Yeti/1.1,4
211.249.46.178,South Korea,Yeti/1.1,4
40.77.167.23,United States,bingbot/2.0,4
110.93.150.24,South Korea,Yeti/1.1,4
110.93.150.175,South Korea,Yeti/1.1,4
211.249.46.115,South Korea,Yeti/1.1,4
211.249.46.75,South Korea,Yeti/1.1,4
110.93.150.139,South Korea,Yeti/1.1,4
211.249.46.135,South Korea,Yeti/1.1,4
211.249.46.93,South Korea,Yeti/1.1,3
114.111.32.37,South Korea,Yeti/1.1,3
110.93.150.76,South Korea,Yeti/1.1,3
211.249.46.217,South Korea,Yeti/1.1,3
110.93.150.201,South Korea,Yeti/1.1,3
211.249.46.134,South Korea,Yeti/1.1,3
114.111.32.170,South Korea,Yeti/1.1,3
110.93.150.102,South Korea,Yeti/1.1,3
110.93.150.196,South Korea,Yeti/1.1,3
211.249.46.61,South Korea,Yeti/1.1,3
114.111.32.206,South Korea,Yeti/1.1,3
114.111.32.144,South Korea,Yeti/1.1,3
114.111.32.41,South Korea,Yeti/1.1,3
211.249.46.42,South Korea,Yeti/1.1,3
157.55.39.11,United States,bingbot/2.0,3
114.111.32.57,South Korea,Yeti/1.1,3
157.55.39.53,United States,bingbot/2.0,3
110.93.150.68,South Korea,Yeti/1.1,3
114.111.32.128,South Korea,Yeti/1.1,3
211.249.46.199,South Korea,Yeti/1.1,3
110.93.150.186,South Korea,Yeti/1.1,3
66.249.92.37,United States,AdsBot-Google-Mobile,3
114.111.32.47,South Korea,Yeti/1.1,3
211.249.46.190,South Korea,Yeti/1.1,3
211.249.46.114,South Korea,Yeti/1.1,3
211.249.46.137,South Korea,Yeti/1.1,3
157.55.39.48,United States,bingbot/2.0,3
114.111.32.196,South Korea,Yeti/1.1,3
211.249.46.165,South Korea,Yeti/1.1,3
114.111.32.134,South Korea,Yeti/1.1,3
110.93.150.99,South Korea,Yeti/1.1,3
211.249.46.185,South Korea,Yeti/1.1,3
40.77.167.121,United States,bingbot/2.0,3
114.111.32.219,South Korea,Yeti/1.1,3
114.111.32.100,South Korea,Yeti/1.1,3
110.93.150.54,South Korea,Yeti/1.1,3
114.111.32.185,South Korea,Yeti/1.1,3
114.111.32.81,South Korea,Yeti/1.1,3
211.249.46.29,South Korea,Yeti/1.1,3
211.249.46.40,South Korea,Yeti/1.1,3
211.249.46.107,South Korea,Yeti/1.1,3
40.77.167.0,United States,bingbot/2.0,3
110.93.150.197,South Korea,Yeti/1.1,3
114.111.32.27,South Korea,Yeti/1.1,3
110.93.150.188,South Korea,Yeti/1.1,3
211.249.46.142,South Korea,Yeti/1.1,3
114.111.32.136,South Korea,Yeti/1.1,3
114.111.32.119,South Korea,Unclassified Bot,3
40.77.167.8,United States,bingbot/2.0,3
111.225.148.67,China,Bytespider,3
211.249.46.159,South Korea,Yeti/1.1,3
40.77.167.41,United States,bingbot/2.0,3
157.55.39.197,United States,bingbot/2.0,3
114.111.32.89,South Korea,Yeti/1.1,3
114.111.32.101,South Korea,Yeti/1.1,3
207.46.13.150,United States,bingbot/2.0,3
40.77.167.50,United States,bingbot/2.0,3
110.93.150.169,South Korea,Yeti/1.1,3
66.249.83.98,United States,GoogleWebLight,3
114.111.32.182,South Korea,Yeti/1.1,3
110.93.150.138,South Korea,Yeti/1.1,3
211.249.46.116,South Korea,Yeti/1.1,3
114.111.32.212,South Korea,Yeti/1.1,3
114.111.32.117,South Korea,Yeti/1.1,3
114.111.32.95,South Korea,Yeti/1.1,3
114.111.32.175,South Korea,Yeti/1.1,3
40.77.167.30,United States,bingbot/2.0,3
211.249.46.206,South Korea,Yeti/1.1,3
110.93.150.91,South Korea,Yeti/1.1,3
110.93.150.92,South Korea,Yeti/1.1,3
110.93.150.97,South Korea,Yeti/1.1,3
66.249.92.36,United States,Feedfetcher-Google,3
110.93.150.88,South Korea,Yeti/1.1,3
66.249.66.206,United States,Googlebot/2.1,3
66.249.92.5,United States,AdsBot-Google-Mobile,3
114.111.32.72,South Korea,Yeti/1.1,3
211.249.46.34,South Korea,Yeti/1.1,3
114.111.32.147,South Korea,Yeti/1.1,3
54.174.58.252,United States,HubSpot Crawler,3
114.111.32.73,South Korea,Yeti/1.1,3
114.111.32.69,South Korea,Yeti/1.1,3
114.111.32.201,South Korea,Yeti/1.1,3
211.249.46.64,South Korea,Yeti/1.1,3
110.93.150.60,South Korea,Yeti/1.1,3
211.249.46.23,South Korea,Yeti/1.1,3
114.111.32.104,South Korea,Yeti/1.1,3
114.111.32.145,South Korea,Yeti/1.1,3
110.93.150.66,South Korea,Yeti/1.1,3
110.93.150.59,South Korea,Yeti/1.1,2
110.93.150.81,South Korea,Yeti/1.1,2
66.249.92.205,United States,AdsBot-Google,2
114.111.32.162,South Korea,Yeti/1.1,2
114.111.32.189,South Korea,Yeti/1.1,2
110.93.150.82,South Korea,Yeti/1.1,2
40.77.167.152,United States,bingbot/2.0,2
110.93.150.105,South Korea,Yeti/1.1,2
114.111.32.98,South Korea,Yeti/1.1,2
66.102.9.39,United States,Google Web Preview,2
207.46.13.64,United States,bingbot/2.0,2
66.102.9.4,United States,Google favicon,2
114.111.32.42,South Korea,Yeti/1.1,2
40.77.167.143,United States,bingbot/2.0,2
110.93.150.72,South Korea,Yeti/1.1,2
66.249.92.6,United States,Feedfetcher-Google,2
211.249.46.106,South Korea,Yeti/1.1,2
211.249.46.105,South Korea,Yeti/1.1,2
110.93.150.206,South Korea,Yeti/1.1,2
40.77.167.4,United States,bingbot/2.0,2
114.111.32.62,South Korea,Yeti/1.1,2
114.111.32.112,South Korea,Yeti/1.1,2
211.249.46.186,South Korea,Yeti/1.1,2
207.46.13.36,United States,bingbot/2.0,2
54.39.177.173,Canada,YaK/1.0,2
110.93.150.128,South Korea,Yeti/1.1,2
114.111.32.78,South Korea,Yeti/1.1,2
211.249.46.28,South Korea,Yeti/1.1,2
110.93.150.107,South Korea,Yeti/1.1,2
40.77.178.37,United States,BingPreview/1.0b,2
66.102.9.37,United States,Google Web Preview,2
114.111.32.103,South Korea,Yeti/1.1,2
114.111.32.82,South Korea,Yeti/1.1,2
54.174.58.233,United States,HubSpot Crawler,2
114.111.32.26,South Korea,Yeti/1.1,2
110.93.150.26,South Korea,Yeti/1.1,2
211.249.46.188,South Korea,Yeti/1.1,2
66.249.92.192,United States,AdsBot-Google-Mobile,2
207.46.13.116,United States,bingbot/2.0,2
144.76.14.49,Germany,trendictionbot 0.5.0,2
211.249.46.118,South Korea,Yeti/1.1,2
110.93.150.90,South Korea,Yeti/1.1,2
40.77.167.47,United States,bingbot/2.0,2
211.249.46.207,South Korea,Yeti/1.1,2
54.174.58.241,United States,HubSpot Crawler,2
114.111.32.55,South Korea,Yeti/1.1,2
40.77.167.184,United States,bingbot/2.0,2
144.76.23.110,Germany,trendictionbot 0.5.0,2
114.111.32.146,South Korea,Unclassified Bot,2
144.76.23.40,Germany,trendictionbot 0.5.0,2
40.77.179.167,United States,BingPreview/1.0b,2
66.249.92.41,United States,Google-Site-Verification/1.0,2
74.125.212.225,United States,Google favicon,2
66.249.92.1,United States,AdsBot-Google,2
110.93.150.209,South Korea,Yeti/1.1,2
110.93.150.78,South Korea,Yeti/1.1,2
40.77.167.144,United States,bingbot/2.0,2
114.111.32.60,South Korea,Yeti/1.1,2
211.249.46.70,South Korea,Yeti/1.1,2
211.249.46.90,South Korea,Yeti/1.1,2
35.227.62.178,United States,Discordbot/2.0,2
110.93.150.154,South Korea,Yeti/1.1,2
211.249.40.20,South Korea,Unclassified Bot,2
114.111.32.171,South Korea,Yeti/1.1,2
144.76.23.212,Germany,trendictionbot 0.5.0,2
66.249.92.204,United States,AdsBot-Google-Mobile,2
114.111.32.159,South Korea,Yeti/1.1,2
40.77.167.149,United States,bingbot/2.0,2
114.119.157.4,China,PetalBot mobile,2
111.225.148.137,China,Bytespider,2
40.77.167.150,United States,bingbot/2.0,2
40.77.167.29,United States,bingbot/2.0,2
114.111.32.155,South Korea,Yeti/1.1,2
110.93.150.104,South Korea,Yeti/1.1,2
66.102.6.6,United States,GoogleWebLight,2
110.93.150.147,South Korea,Yeti/1.1,2
64.233.173.195,,Google-Read-Aloud,2
110.93.150.125,South Korea,Yeti/1.1,2
157.55.39.57,United States,bingbot/2.0,2
40.77.167.18,United States,bingbot/2.0,2
114.111.32.139,South Korea,Unclassified Bot,2
211.249.46.179,South Korea,Yeti/1.1,2
40.77.167.155,United States,bingbot/2.0,2
211.249.46.76,South Korea,Yeti/1.1,2
45.134.225.16,Germany,Unclassified Bot,2
211.249.46.50,South Korea,Yeti/1.1,2
34.91.213.89,United States,Unclassified Bot,2
157.55.39.8,United States,bingbot/2.0,2
144.76.23.76,Germany,trendictionbot 0.5.0,2
211.249.46.162,South Korea,Yeti/1.1,2
144.76.23.203,Germany,trendictionbot 0.5.0,2
157.55.39.58,United States,bingbot/2.0,2
110.249.201.98,China,Bytespider,1
40.77.177.255,United States,BingPreview/1.0b,1
40.77.178.169,United States,BingPreview/1.0b,1
110.249.201.173,China,Bytespider,1
114.119.132.72,China,PetalBot,1
114.119.157.50,China,PetalBot mobile,1
40.77.177.197,United States,BingPreview/1.0b,1
65.55.210.132,United States,BingPreview/1.0b,1
66.249.92.13,United States,Google-Site-Verification/1.0,1
40.77.179.57,United States,BingPreview/1.0b,1
114.119.148.108,China,PetalBot mobile,1
180.153.236.48,China,360Spider,1
66.249.92.140,United States,AdsBot-Google,1
66.249.92.132,United States,AdsBot-Google-Mobile,1
185.220.101.22,Germany,Unclassified Bot,1
27.0.238.117,Republic of Korea,kakaotalk-scrap/1.0,1
173.252.95.26,United States,Unclassified Bot,1
180.153.236.68,China,360Spider,1
167.99.119.168,United States,Unclassified Bot,1
114.111.32.58,South Korea,Yeti/1.1,1
54.174.58.239,United States,HubSpot Crawler,1
114.111.32.64,South Korea,Yeti/1.1,1
40.77.179.164,United States,BingPreview/1.0b,1
66.249.77.229,United States,Googlebot/2.1,1
64.62.197.34,United States,Unclassified Bot,1
65.55.210.156,United States,BingPreview/1.0b,1
66.249.92.3,United States,Feedfetcher-Google,1
65.55.210.94,United States,BingPreview/1.0b,1
110.93.150.84,South Korea,Yeti/1.1,1
110.93.150.136,South Korea,Yeti/1.1,1
114.111.32.77,South Korea,Yeti/1.1,1
114.119.132.122,China,PetalBot,1
110.93.150.65,South Korea,Yeti/1.1,1
211.249.46.151,South Korea,Yeti/1.1,1
40.77.177.115,United States,BingPreview/1.0b,1
66.102.9.2,United States,Chrome-Lighthouse,1
40.77.177.35,United States,BingPreview/1.0b,1
65.55.210.103,United States,BingPreview/1.0b,1
35.237.4.214,United States,Discordbot/2.0,1
40.77.179.137,United States,BingPreview/1.0b,1
207.46.13.154,United States,bingbot/2.0,1
40.77.178.2,United States,BingPreview/1.0b,1
180.153.236.111,China,360Spider,1
114.111.32.92,South Korea,Yeti/1.1,1
65.55.210.122,United States,BingPreview/1.0b,1
114.111.32.167,South Korea,Yeti/1.1,1
114.111.32.90,South Korea,Yeti/1.1,1
110.93.150.85,South Korea,Yeti/1.1,1
110.249.202.21,China,Bytespider,1
40.77.178.63,United States,BingPreview/1.0b,1
40.77.179.171,United States,BingPreview/1.0b,1
114.111.32.125,South Korea,Yeti/1.1,1
54.39.177.48,Canada,YaK/1.0,1
114.119.144.88,China,PetalBot,1
211.249.46.144,South Korea,Yeti/1.1,1
109.70.100.10,Austria,Unclassified Bot,1
180.153.236.103,China,360Spider,1
66.249.92.12,United States,Google-Site-Verification/1.0,1
66.249.75.171,United States,Googlebot-Mobile,1
211.249.46.193,South Korea,Yeti/1.1,1
211.249.46.147,South Korea,Yeti/1.1,1
64.62.197.211,United States,Unclassified Bot,1
40.77.177.125,United States,BingPreview/1.0b,1
40.77.177.193,United States,BingPreview/1.0b,1
110.249.201.231,China,Bytespider,1
207.46.13.51,United States,bingbot/2.0,1
27.0.238.182,South Korea,kakaotalk-scrap/1.0,1
40.77.177.84,United States,BingPreview/1.0b,1
185.100.87.136,Romania,Unclassified Bot,1
114.111.32.158,South Korea,Yeti/1.1,1
40.77.179.221,United States,BingPreview/1.0b,1
185.220.101.20,Germany,Unclassified Bot,1
110.93.150.45,South Korea,Yeti/1.1,1
211.249.46.30,South Korea,Yeti/1.1,1
64.62.197.92,United States,Unclassified Bot,1
40.77.177.190,United States,BingPreview/1.0b,1
40.77.179.235,United States,BingPreview/1.0b,1
192.71.142.35,Sweden,Unclassified Bot,1
114.119.152.54,China,PetalBot mobile,1
180.153.236.189,China,360Spider,1
40.77.179.75,United States,BingPreview/1.0b,1
173.252.87.12,United States,Unclassified Bot,1
180.153.236.44,China,360Spider,1
40.77.178.235,United States,BingPreview/1.0b,1
110.93.150.115,South Korea,Yeti/1.1,1
114.111.32.28,South Korea,Yeti/1.1,1
66.102.9.38,United States,Google favicon,1
173.252.107.22,United States,facebookexternalhit/1.1,1
64.62.197.152,United States,Unclassified Bot,1
110.93.150.183,South Korea,Yeti/1.1,1
40.77.179.227,United States,BingPreview/1.0b,1
40.77.167.247,United States,bingbot/2.0,1
192.175.111.241,Canada,Unclassified Bot,1
66.102.6.5,United States,Google favicon,1
114.111.32.133,South Korea,Yeti/1.1,1
40.77.179.156,United States,BingPreview/1.0b,1
192.36.248.249,Sweden,Unclassified Bot,1
211.249.46.138,South Korea,Yeti/1.1,1
211.249.46.68,South Korea,Yeti/1.1,1
65.55.210.220,United States,BingPreview/1.0b,1
114.119.133.245,China,PetalBot,1
180.153.236.132,China,360Spider,1
110.93.150.25,South Korea,Yeti/1.1,1
40.77.167.11,United States,bingbot/2.0,1
157.55.39.204,United States,bingbot/2.0,1
40.77.177.229,United States,BingPreview/1.0b,1
104.206.128.50,United States,Unclassified Bot,1
40.77.178.226,United States,BingPreview/1.0b,1
64.233.173.193,United States,Google-Read-Aloud,1
40.77.177.194,United States,BingPreview/1.0b,1
40.77.179.165,United States,BingPreview/1.0b,1
40.77.177.174,United States,BingPreview/1.0b,1
170.130.187.50,United States,Unclassified Bot,1
114.111.32.66,South Korea,Yeti/1.1,1
110.93.150.159,South Korea,Yeti/1.1,1
211.249.40.18,South Korea,Unclassified Bot,1
207.46.13.31,United States,bingbot/2.0,1
54.174.58.240,United States,HubSpot Crawler,1
40.77.177.24,United States,BingPreview/1.0b,1
157.55.39.9,United States,bingbot/2.0,1
110.249.202.17,China,Bytespider,1
40.77.177.234,United States,BingPreview/1.0b,1
173.252.87.28,United States,Unclassified Bot,1
173.252.83.9,United States,facebookexternalhit/1.1,1
110.93.150.32,South Korea,Yeti/1.1,1
110.249.201.230,China,Bytespider,1
40.77.179.145,United States,BingPreview/1.0b,1
80.82.70.133,Seychelles,masscan/1.0,1
40.77.167.40,United States,bingbot/2.0,1
66.249.79.36,United States,Googlebot-Mobile,1
211.249.46.152,South Korea,Yeti/1.1,1
173.252.87.38,United States,Unclassified Bot,1
104.140.188.14,United States,Unclassified Bot,1
40.77.177.207,United States,BingPreview/1.0b,1
114.119.159.17,China,PetalBot,1
110.249.201.42,China,Bytespider,1
65.55.210.32,United States,BingPreview/1.0b,1
180.153.236.42,China,360Spider,1
40.77.179.60,United States,BingPreview/1.0b,1
40.77.177.186,United States,BingPreview/1.0b,1
207.46.13.87,United States,bingbot/2.0,1
54.174.58.224,United States,HubSpot Crawler,1
180.153.236.41,China,360Spider,1
111.225.149.162,China,Bytespider,1
192.42.116.19,Netherlands,Unclassified Bot,1
185.220.101.59,Germany,Unclassified Bot,1
40.77.177.0,United States,BingPreview/1.0b,1
65.55.210.201,United States,BingPreview/1.0b,1
40.77.179.39,United States,BingPreview/1.0b,1
66.102.6.4,United States,GoogleWebLight,1
211.249.46.92,South Korea,Yeti/1.1,1
45.66.35.35,Netherlands,Unclassified Bot,1
40.77.179.116,United States,BingPreview/1.0b,1
